-42;13;44;-7;18;67;-6;20;67;-3;26;58;-39;18;43;-71;17;13;-69;8;8;-65;24;21;-20;6;78;-10;7;73;0
-17;15;63;-15;16;59;-42;8;31;-45;0;20;-70;-17;15;-72;-30;7;-65;-44;-15;-3;-69;44;-16;-55;33;-10;-55;44;0
-14;-58;35;-15;-58;37;-17;-55;48;6;-67;50;-76;-48;15;-71;-40;-11;-46;9;-34;-41;17;25;-17;25;39;-34;17;69;0
-37;55;18;-23;48;36;-16;35;41;-23;34;42;-60;31;66;-47;25;52;-60;31;-6;-45;27;-32;-55;49;-62;-63;31;-81;0
-10;27;40;-6;0;28;-42;-51;58;-1;-81;127;-19;-65;104;31;-29;-38;42;-105;57;93;-60;127;-11;-36;11;-40;12;-128;0
-11;-8;91;9;0;70;-109;-6;-32;-99;41;-76;-64;-20;127;-6;20;80;-92;17;-60;-52;38;-34;-21;0;122;-41;15;52;0
-46;-23;127;0;-10;17;-15;19;-62;-17;-16;15;-26;33;127;0;-12;51;-17;-7;-77;-41;-32;58;-55;23;127;0;-16;0;0
-15;-4;57;-7;0;65;-14;-3;108;16;-22;112;30;-44;41;-4;6;-67;0;-51;-15;-15;-98;103;87;-59;127;19;-85;118;0
-4;-33;97;62;-48;76;-19;-39;103;-20;-25;-12;30;0;-14;-7;65;-36;-39;51;-30;93;-115;58;15;-81;94;55;-48;109;0
-31;52;-33;-47;59;11;-6;55;26;0;10;34;35;-3;64;0;-9;79;-32;0;41;-90;48;-24;-64;34;-79;-39;51;-17;0
-18;11;75;-12;7;101;-11;19;70;0;37;21;11;49;0;25;60;-17;20;57;-5;-2;49;24;-15;37;37;-19;29;51;1
-15;11;66;-15;12;63;-16;13;65;-18;12;75;-13;15;80;-19;15;81;-6;34;56;6;48;11;13;57;-4;6;58;6;1
-9;5;65;-11;5;64;-12;-1;92;-7;7;91;-4;25;58;7;39;23;14;55;-11;0;58;-1;-4;46;21;-1;35;40;1
-6;7;65;-6;7;66;-7;5;67;8;0;105;-7;23;55;-1;34;23;14;51;-1;17;61;-18;11;61;0;-2;48;17;1
-10;13;70;-8;12;66;-8;8;74;-12;0;100;-11;20;76;6;37;25;13;52;-1;15;63;-8;6;59;5;-11;42;38;1
-12;7;73;-13;0;99;-7;29;57;0;34;26;0;53;0;13;61;-13;5;55;0;-11;32;35;-25;13;77;-22;13;89;1
-16;15;65;-16;15;63;-20;12;86;-21;14;97;-4;30;34;0;46;0;9;63;-8;6;55;8;-21;32;46;-28;13;69;1
-17;13;63;-19;9;82;-25;10;86;-16;24;55;0;48;15;12;60;-4;5;61;0;-13;46;25;-20;35;51;-15;20;68;1
-16;0;98;-10;17;79;0;34;30;0;49;15;8;60;0;0;59;8;-7;52;23;-10;33;42;-13;27;59;-22;16;74;1
-22;8;77;-27;5;91;-21;21;61;-12;36;33;6;51;9;14;66;-1;0;62;8;-16;47;31;-22;33;46;-29;13;71;1
-18;14;61;-11;-4;45;-9;-16;48;0;-36;54;-7;-63;58;10;-62;67;13;-53;71;7;-67;71;0;-47;60;-3;-29;53;2
-3;13;48;-7;-19;38;-19;-42;58;10;-67;70;19;-56;67;16;-49;64;-1;-63;70;-11;-49;64;0;-14;49;9;0;43;2
0;14;65;0;15;65;0;14;57;-2;-4;42;-8;-21;49;-5;-57;65;0;-62;71;0;-52;70;0;-55;64;5;-56;67;2
-6;17;58;0;0;39;-6;-24;41;-2;-54;63;-1;-62;65;5;-56;62;5;-54;64;-1;-63;67;-2;-44;59;-2;-20;45;2
-7;10;54;-6;-12;42;-12;-37;54;-14;-64;60;0;-65;55;7;-59;54;0;-65;56;-10;-61;57;-10;-41;52;-8;-9;46;2
-8;8;68;-9;9;68;-9;7;61;-1;6;47;0;-20;48;-4;-44;55;-6;-63;51;0;-64;65;-4;-59;59;-8;-64;66;2
-9;12;58;-10;0;43;-20;-29;57;-12;-53;59;-7;-71;61;0;-63;69;-4;-62;58;-8;-67;64;-6;-57;63;-11;-20;47;2
-12;16;66;-9;17;66;-10;16;60;0;8;42;-16;-15;50;-10;-53;62;-15;-65;64;-6;-61;64;0;-61;64;-5;-65;61;2
-10;18;60;-7;12;66;-2;16;51;0;7;42;-9;-17;49;0;-48;47;-4;-68;60;0;-55;67;-7;-56;62;-14;-59;67;2
-8;20;58;-15;14;67;-12;16;58;-4;14;44;-6;-12;47;-12;-38;52;-6;-64;62;7;-59;72;-3;-56;67;-9;-58;65;2
-7;23;70;-21;9;73;-22;-1;78;0;21;58;19;17;52;34;0;53;48;-3;43;53;-2;42;24;0;45;31;6;50;3
-2;15;66;0;17;64;0;17;68;5;18;73;9;17;68;31;10;52;55;-1;44;51;-8;42;59;-2;46;24;-1;55;3
-11;14;68;-14;18;71;-5;13;67;9;12;62;37;7;52;54;0;41;53;-2;38;51;-2;45;35;0;48;-6;7;55;3
-7;10;67;-7;10;66;-9;11;67;-8;11;67;-8;8;69;-11;7;71;36;9;51;42;0;45;49;-5;44;53;-5;48;3
-4;9;67;-5;9;69;-2;9;69;27;9;60;43;0;42;57;-3;41;55;-3;47;41;0;49;24;0;59;-1;0;66;3
-2;6;67;-3;5;67;-5;6;70;5;9;68;-2;10;61;48;0;45;50;0;39;48;0;44;40;0;54;18;0;55;3
-10;6;69;-9;8;67;-3;8;62;48;0;43;47;-2;42;48;-1;49;48;0;56;27;0;56;0;7;60;-7;9;63;3
-8;8;66;-8;9;66;-21;8;66;8;11;65;40;6;47;50;0;43;53;-2;44;47;0;46;52;0;48;18;0;57;3
15;11;61;36;9;50;56;0;43;52;-2;45;50;0;44;57;0;44;31;5;51;13;0;55;-7;8;66;-2;9;69;3
0;8;68;-8;6;65;19;0;49;54;0;43;50;-3;38;53;-4;38;52;0;42;26;-2;50;33;0;59;-8;6;61;3
0;8;67;0;8;66;-7;11;64;-13;10;57;-48;12;42;-66;11;32;-69;12;27;-64;11;32;-43;12;46;-1;15;54;4
0;10;67;-1;11;67;6;12;68;-12;8;60;-35;12;51;-51;11;33;-73;11;23;-71;10;19;-63;11;29;-58;12;41;4
9;9;70;-2;7;65;-33;8;50;-58;9;35;-64;11;26;-70;10;18;-74;9;17;-65;11;26;-54;10;39;0;11;59;4
6;9;70;-7;9;65;-42;13;44;-62;15;29;-67;14;19;-72;14;13;-74;15;15;-46;14;37;0;17;57;-5;10;65;4
-6;10;67;-6;11;68;-4;11;67;-16;11;64;-41;13;49;-56;12;30;-75;16;10;-62;16;20;-54;15;34;-30;15;50;4
-6;13;65;-25;11;55;-58;11;31;-65;13;18;-71;13;5;-71;14;7;-57;14;33;-40;13;47;12;11;71;-8;6;63;4
-6;11;65;-6;11;65;0;10;70;-21;8;59;-35;8;48;-61;12;26;-73;13;7;-67;13;10;-65;14;20;-58;12;33;4
-11;12;65;-26;8;59;-49;8;38;-72;9;10;-66;11;8;-76;11;5;-62;10;21;-18;10;60;-20;10;62;-5;7;66;4
-9;7;67;-9;7;67;-9;8;67;-4;7;68;-36;5;51;-55;8;34;-80;11;0;-65;10;11;-71;9;9;-57;10;33;4
-10;8;67;-10;8;66;-5;9;65;-42;7;39;-75;9;7;-76;11;6;-78;11;7;-60;11;29;-48;9;41;-14;11;47;4
5;12;67;10;16;70;0;15;68;5;17;64;12;15;63;0;9;50;-53;14;18;-65;29;-33;-45;34;-37;-41;32;-39;5
10;15;67;9;15;62;15;14;66;13;15;65;12;14;68;-27;12;45;-56;16;18;-60;26;-20;-57;27;-31;-50;29;-40;5
13;14;63;-2;14;61;0;16;65;9;16;65;15;15;68;-18;12;54;-61;17;7;-62;24;-26;-51;26;-35;-47;28;-42;5
11;18;63;10;20;64;-27;16;52;-51;17;35;-57;18;19;-70;22;-38;-55;23;-32;-46;28;-36;-45;27;-39;-43;26;-41;5
0;19;63;13;20;65;-35;14;51;-54;16;28;-63;19;-6;-63;21;-29;-53;22;-36;-50;26;-34;-47;25;-40;-43;29;-41;5
7;23;64;9;20;62;17;21;62;-26;22;50;-43;22;50;-63;21;0;-62;23;-42;-47;25;-36;-42;31;-39;-39;30;-41;5
0;21;64;-8;19;65;-3;22;64;-32;17;51;-45;16;36;-74;16;-7;-63;18;-31;-53;22;-36;-49;25;-38;-44;25;-43;5
-4;23;62;-2;21;67;5;20;66;0;19;63;0;19;63;-38;14;36;-70;16;-8;-64;25;-26;-51;30;-34;-48;30;-38;5
9;19;64;9;20;63;0;18;63;-23;21;49;-53;17;29;-63;20;-1;-63;17;-35;-49;25;-36;-53;29;-38;-44;27;-42;5
-5;16;66;-1;16;65;0;16;64;-1;16;65;-25;16;56;-57;14;26;-66;14;-4;-77;19;-20;-59;21;-30;-50;19;-45;5
-21;-52;26;-17;-60;29;-21;-56;27;-33;-57;29;-27;-51;30;-26;-52;26;-25;-50;24;-30;-56;25;-10;-49;49;-74;-56;33;0
-38;42;37;-37;43;39;-31;34;47;-29;30;56;-20;23;64;-8;16;76;-24;25;54;-35;31;33;-40;49;9;-50;55;-12;0
7;44;39;-6;40;55;-21;34;67;-5;34;77;-6;48;50;12;51;0;28;52;-39;-4;11;-9;-6;0;29;-26;-44;105;0
-18;-65;85;-33;-54;70;-73;-24;16;-67;0;-35;-56;9;-31;-62;7;-11;-50;-6;30;41;-34;95;26;-23;94;-3;-36;28;0
-23;18;82;-48;8;98;-42;21;72;18;36;25;14;42;-4;-11;32;-14;-21;11;30;-29;-48;93;-14;-40;127;-28;-22;114;0
6;52;33;-4;39;49;-17;25;39;-34;-13;41;-31;-49;52;18;-75;96;0;-64;98;11;-56;78;-27;-28;51;-30;-18;17;0
-15;16;52;-9;21;69;-12;14;69;-7;10;71;17;0;81;-27;9;55;-57;-1;9;-75;-4;-18;-100;-11;-74;-72;8;-18;0
-51;-44;8;-21;-64;35;-26;-70;48;-2;-67;66;-14;-83;66;-35;-75;57;-36;-37;49;-16;-6;25;0;33;13;22;59;6;0
-38;-72;52;-18;-58;46;-17;-58;38;-31;-66;39;-35;-52;46;-24;-35;35;-58;-7;-7;-53;-1;-13;-55;16;-49;-55;29;-53;0
-13;0;50;-15;-29;43;-15;-48;45;-20;-74;49;13;-73;56;7;-68;52;-8;-71;53;-17;-66;62;-22;-40;67;-12;-4;46;0
0;53;42;0;51;44;0;52;47;-1;51;50;0;53;45;11;55;27;0;62;11;22;59;-15;7;45;-4;-25;31;70;0
-9;57;33;-8;58;32;-10;60;28;-26;57;22;-29;53;22;-39;57;29;-47;41;31;11;20;77;25;11;101;-14;24;69;0
-14;56;35;-13;53;32;-2;41;38;6;30;30;7;-10;49;-79;-26;25;-75;-35;0;-106;-47;-30;-92;-29;-43;-77;-31;-19;0
-15;40;50;-7;39;35;-45;5;9;-59;-17;-6;-67;-43;-22;-70;-51;-13;18;-73;43;-33;-62;49;-6;-59;59;-30;-66;47;0
-50;23;0;-61;37;5;-60;39;12;-55;42;17;-51;46;17;-23;53;19;-2;59;18;0;57;14;0;56;-17;0;52;-37;0
-2;-61;27;5;-63;35;5;-66;41;-15;-61;53;-33;-50;46;-25;-36;54;-21;-16;57;-3;-1;62;-7;17;66;-37;31;37;0
-31;50;-24;-35;47;-25;-34;46;-24;-32;32;-27;-37;24;-36;-57;8;-54;-67;19;-61;-65;10;-56;-68;12;-23;-43;34;18;0
-12;-2;84;-15;0;65;-14;0;62;-11;0;53;-16;-19;56;-13;-31;49;-19;-56;47;-3;-70;50;0;-62;54;0;-62;53;0
-13;65;0;-12;48;0;-43;14;-36;-60;-1;-88;-58;14;-63;-55;-7;-53;-58;-5;-38;-80;-3;-9;-41;-12;0;-67;6;31;0
-28;-1;84;-35;39;48;-26;50;42;-11;56;36;6;47;26;15;29;26;16;0;23;-9;-63;59;0;-77;78;10;-54;66;0
-6;10;69;-11;0;64;-10;8;69;-13;10;74;-13;14;72;-13;16;81;-11;20;67;12;35;25;23;55;-19;10;50;-2;1
-6;17;75;-5;27;60;-3;24;55;-6;24;61;-6;26;66;-15;22;84;-10;32;65;16;45;17;17;61;-12;16;55;-1;1
-20;-16;84;-22;-18;69;-16;-22;62;-15;-18;64;-20;-19;63;-23;-23;70;-34;-22;105;-21;-4;71;-2;20;23;17;49;-5;1
-20;-8;67;-18;-22;70;-15;-25;62;-17;-29;62;-17;-33;69;-36;-42;87;0;-34;89;-3;-1;60;8;33;17;11;49;0;1
-17;29;68;-7;32;59;-11;30;59;-7;30;61;-14;32;59;-11;32;62;-27;41;87;7;39;44;39;53;-25;9;49;-19;1
-21;21;63;-19;21;63;-20;22;69;-18;24;76;-21;30;69;-13;35;48;14;53;7;12;54;-7;0;51;12;-15;41;48;1
-19;25;60;-17;23;58;-20;22;62;-27;13;79;-24;35;65;-18;36;50;15;53;6;24;58;-16;14;50;0;-18;13;56;1
-20;20;62;-18;17;64;-19;17;63;-20;14;62;-7;11;69;-2;10;70;8;7;72;23;0;84;16;9;81;17;19;45;1
0;15;64;-4;16;63;-15;19;64;-27;19;69;-44;17;79;-40;22;69;-10;37;26;10;50;8;9;58;-4;5;53;7;1
-14;25;58;-10;8;64;8;7;68;17;-3;75;22;-3;78;18;0;78;22;33;28;25;45;0;18;49;10;16;39;29;1
5;14;65;0;13;67;6;16;71;10;17;75;14;25;65;17;38;53;15;41;34;0;50;7;17;41;20;-18;30;50;1
-14;22;61;-22;19;83;-11;23;87;-4;27;50;-3;43;15;22;55;-24;12;47;-14;0;43;29;-4;37;61;-28;23;80;1
-15;28;60;-13;30;59;-12;28;55;-13;24;50;-8;13;42;-17;-13;49;-15;-27;69;-14;-39;113;-9;-38;97;-14;-25;66;1
-13;25;59;-12;30;76;-18;29;86;-13;33;60;0;42;28;24;54;-17;16;53;-31;-2;34;12;-23;29;65;-27;28;93;1
-15;27;56;-20;25;59;-21;26;68;-30;24;84;-27;28;71;0;42;15;22;55;-16;16;50;-4;-12;31;34;-24;20;92;1
-19;26;61;-14;25;60;-15;24;57;-21;21;53;-31;18;88;-31;19;105;-17;28;43;0;36;7;19;53;-21;7;53;0;1
-21;20;60;-22;18;61;-15;11;75;-16;6;86;-20;19;73;0;29;47;19;50;11;21;51;0;11;48;20;-24;25;60;1
-16;21;57;-6;16;61;-16;9;92;-13;20;80;-9;35;38;-4;50;11;11;59;-4;5;58;7;-13;41;28;-33;27;53;1
-26;18;59;-24;16;61;-29;16;57;-25;8;65;-34;0;86;-24;6;92;-13;22;52;17;40;9;26;50;0;17;48;19;1
-22;20;62;-21;17;63;-25;18;74;-27;19;76;-22;29;61;0;46;21;12;55;6;6;56;0;-10;43;28;-34;21;65;1
-25;28;60;-17;29;52;-9;26;45;-9;13;41;-22;-17;55;-29;-43;65;-11;-48;82;-7;-47;93;-21;-52;78;-16;-33;60;2
-14;23;62;-15;22;62;-13;22;61;-15;22;55;-3;8;44;-8;-15;44;-30;-47;74;-21;-43;88;-14;-37;83;-19;-48;85;2
-11;25;62;-7;24;56;-5;9;44;-14;-10;53;-10;-45;64;-8;-55;69;-13;-45;76;-9;-54;76;-16;-48;72;-7;-16;52;2
-9;15;61;-6;15;56;-12;-2;49;-16;-23;51;-21;-48;62;-10;-64;58;0;-60;60;-8;-59;63;-14;-59;65;-13;-33;57;2
-12;14;66;-12;16;61;-10;6;52;-10;-6;49;-20;-42;62;-18;-53;64;-7;-59;72;-17;-52;70;-25;-53;71;-13;-33;58;2
-8;17;60;-4;15;54;-11;0;50;-10;-20;52;-25;-56;65;-9;-46;61;-3;-56;71;-16;-54;68;-19;-47;70;-4;-20;49;2
-10;15;65;-7;13;54;-5;6;49;-11;-26;57;-17;-46;60;-8;-57;59;0;-58;65;-3;-55;66;-11;-56;69;-12;-45;65;2
-6;17;67;-2;18;64;-3;17;65;-1;16;59;0;7;43;-6;-11;43;-4;-52;57;-5;-61;67;0;-58;65;-2;-58;69;2
-5;22;64;-4;21;62;-2;21;64;-2;22;42;-7;0;43;-7;-33;44;-18;-74;60;0;-65;83;-6;-58;79;-18;-69;78;2
-5;17;65;-6;16;62;-1;12;49;-6;0;44;-13;-37;51;-25;-63;67;0;-56;80;-9;-56;72;-16;-56;71;-15;-33;61;2
-8;23;63;-7;23;61;0;21;45;-6;0;44;-9;-39;45;-1;-75;59;0;-61;80;-4;-54;72;-16;-62;68;-18;-45;63;2
-7;24;60;-5;24;54;-3;5;39;-22;-26;48;-8;-60;62;-5;-60;71;0;-56;77;-10;-58;69;-20;-42;64;-8;-16;48;2
-11;20;61;-10;16;46;-7;-7;43;-12;-32;51;-17;-50;76;0;-60;77;-9;-52;71;-15;-53;69;-11;-27;56;-7;-7;49;2
-11;22;62;0;15;47;-9;0;43;-11;-16;52;-17;-48;67;-14;-52;69;-11;-47;70;-19;-52;72;-21;-39;70;-17;-18;57;2
-13;21;58;-9;16;44;-23;-6;51;-24;-28;54;-23;-55;57;-15;-58;65;-9;-56;67;-19;-57;64;-20;-44;65;-16;-17;48;2
-12;16;66;-15;16;67;-16;16;65;-15;16;61;10;14;38;-14;-28;50;-28;-52;65;-26;-65;71;-9;-61;73;-12;-58;66;2
-17;17;64;-14;16;62;-7;14;48;-7;-5;47;-10;-35;55;-10;-61;54;0;-65;69;-4;-56;62;-13;-57;61;-6;-53;63;2
-4;18;60;0;16;48;-6;-3;44;-21;-33;55;-10;-54;67;-2;-55;71;-4;-49;70;-13;-52;67;-12;-47;68;-7;-12;52;2
-5;19;51;-5;9;43;-13;-13;45;-22;-59;59;0;-64;76;-2;-52;72;-5;-53;69;-18;-42;66;-10;-21;57;-1;14;40;2
-7;23;62;-8;26;63;-8;25;58;-1;24;47;-1;-1;46;-8;-18;52;-6;-54;60;-3;-62;81;-5;-56;84;-21;-55;72;2
-31;0;60;-27;0;60;-28;8;64;-28;12;71;-23;13;72;-22;14;71;11;0;44;44;-5;37;48;-3;48;12;0;52;3
-6;12;68;-6;12;68;-4;11;70;-1;11;66;9;5;51;65;-5;44;50;-7;44;56;-7;49;-1;5;59;-5;6;63;3
-5;10;68;-5;14;73;0;6;64;26;0;51;57;-10;38;56;-14;36;60;-15;40;42;-9;49;29;-4;56;-2;6;58;3
-3;10;67;-3;10;69;6;8;64;12;7;58;49;-3;47;52;-8;40;56;-8;42;47;-5;48;23;0;60;0;0;62;3
-3;6;67;-2;5;67;-2;7;69;0;7;70;0;5;63;34;0;45;55;-9;35;55;-10;37;39;-6;50;29;-2;59;3
-2;6;66;-2;6;70;-11;6;68;30;5;47;41;-3;43;46;-6;39;55;-10;41;46;-5;47;29;-1;58;12;0;63;3
-10;6;68;-8;7;65;-10;7;67;-9;6;72;-8;8;65;60;-2;39;36;-3;41;55;-3;45;47;-2;49;32;0;56;3
-8;5;68;-12;7;69;9;5;60;56;0;45;51;-2;44;50;-4;42;52;-4;46;32;-1;54;10;0;62;-1;6;63;3
-10;6;67;-9;6;66;-10;8;68;-11;10;65;26;5;64;57;-4;44;54;-4;42;54;-2;45;42;-2;52;0;0;65;3
-10;7;68;-11;8;69;-13;7;68;42;0;51;47;-1;48;51;-2;44;52;-2;48;47;-2;53;25;0;59;0;7;62;3
-11;11;67;-11;10;68;18;7;64;18;0;57;37;0;45;48;-3;39;51;-3;38;62;-3;42;35;-2;51;10;0;61;3
-8;7;69;-10;8;67;22;6;62;59;-2;47;51;-4;43;53;-7;40;53;-5;41;49;-3;49;30;-2;55;9;0;59;3
-6;7;68;-4;5;68;-4;7;69;-5;7;67;7;5;54;46;-2;44;48;-6;41;48;-6;45;42;-6;50;0;0;60;3
-4;7;68;-5;7;69;-5;7;69;-5;8;66;22;0;58;62;-3;41;54;-7;41;50;-8;47;34;-3;56;13;0;60;3
-5;9;67;-6;10;69;-7;8;69;12;6;55;34;0;43;44;-3;42;43;-6;44;39;-2;48;42;-1;53;14;0;61;3
-6;6;68;-2;7;68;16;6;61;21;5;49;50;-3;42;47;-5;42;46;-4;41;55;-4;45;32;-2;53;21;0;60;3
-4;7;68;-3;7;69;8;0;62;37;0;48;50;-4;44;48;-4;45;49;-4;46;40;-4;51;25;-1;60;11;0;64;3
-5;10;68;-6;8;68;9;7;59;40;0;53;50;-6;39;54;-9;37;53;-6;37;54;-7;41;38;-4;49;16;0;57;3
-7;8;73;-7;5;66;18;0;53;42;-2;44;46;-4;37;50;-3;38;55;-4;40;39;-3;45;25;0;57;7;5;59;3
-2;8;69;-3;10;68;11;8;63;31;5;50;52;-1;45;40;-1;45;58;-4;47;49;-3;46;29;0;55;21;0;55;3
8;10;65;7;8;65;8;9;68;9;10;68;0;10;65;-12;8;62;-46;16;45;-56;14;38;-61;16;31;-64;17;30;4
0;8;66;0;8;66;0;8;67;0;9;68;-11;9;65;-55;12;45;-59;15;32;-67;15;23;-63;17;28;-52;14;37;4
-6;9;66;-4;9;67;-3;9;67;-7;9;64;-48;13;43;-66;15;29;-63;16;27;-63;16;32;-38;13;50;-1;13;53;4
0;8;66;0;7;67;-5;7;68;-12;7;64;-47;14;45;-64;15;34;-66;15;28;-70;14;27;-45;13;49;-36;13;52;4
-1;11;65;-2;10;67;0;9;68;0;10;67;-3;7;65;-48;12;46;-58;15;29;-58;15;31;-52;16;37;-61;16;36;4
-5;6;67;-8;6;67;-6;5;67;-6;7;68;-6;8;67;-32;6;54;-55;9;28;-72;13;15;-68;12;27;-54;11;40;4
-4;5;66;-5;5;68;-2;6;68;-12;5;66;-4;0;67;-43;8;34;-72;15;17;-73;12;19;-48;10;43;-33;9;55;4
-3;0;68;-3;0;68;0;0;67;-39;6;48;-64;7;32;-67;8;26;-71;9;24;-58;6;39;-45;8;49;-21;6;58;4
-5;5;69;-5;6;68;-8;5;66;-50;7;44;-56;9;35;-67;10;22;-65;12;21;-57;11;28;-57;10;39;-42;9;50;4
-7;5;68;0;0;67;-27;5;64;-53;8;41;-59;11;30;-64;11;24;-65;12;24;-61;11;28;-46;10;44;-24;8;57;4
-5;5;68;-2;0;68;-21;6;64;-46;7;45;-62;10;25;-66;11;18;-67;12;18;-68;12;18;-53;8;37;-41;8;48;4
-4;0;69;-5;5;68;-8;6;67;-4;5;70;-35;7;55;-52;9;41;-66;11;25;-65;11;27;-64;11;33;-41;9;45;4
-2;0;66;-4;0;66;-12;-4;78;-13;-5;73;-9;-5;69;-9;-12;54;-67;0;13;-76;9;8;-77;6;8;-70;5;15;4
-8;0;65;-17;-1;56;-27;-3;58;-41;-1;50;-57;7;35;-67;8;10;-72;9;-1;-71;7;0;-70;5;0;-65;0;0;4
-22;11;65;-21;10;65;-18;11;66;-35;9;53;-44;10;38;-80;14;0;-65;13;9;-64;11;7;-66;11;7;-64;12;7;4
-19;10;65;-29;10;60;-19;11;67;-21;12;66;-18;14;64;-2;13;61;30;11;62;55;11;59;22;9;57;-43;18;40;4
42;-9;46;43;-6;47;43;-6;47;40;-5;50;35;-4;53;49;-4;55;5;0;49;-28;5;55;-56;11;37;-62;15;30;4
43;-4;45;46;-5;46;44;-4;47;43;-4;47;45;-2;48;46;-3;51;32;-1;55;22;-1;64;-3;0;64;-33;5;49;4
21;-30;55;20;-30;53;21;-29;54;19;-27;55;27;-27;57;5;-24;58;-34;-21;57;-36;-19;52;-51;-17;38;-60;-15;27;4
26;0;59;18;0;61;17;0;63;15;0;64;16;0;67;18;5;68;0;8;66;-19;11;60;-46;15;46;-59;17;21;4
17;12;65;23;13;65;19;17;65;12;22;61;21;21;59;-42;26;39;-66;36;-1;-53;36;-10;-52;41;-12;-49;42;-18;5
6;13;71;0;6;68;6;5;68;0;6;69;7;0;69;15;0;68;-44;14;39;-63;27;0;-70;26;-19;-54;22;-37;5
0;36;51;-8;27;62;0;28;61;0;30;62;0;29;62;9;26;62;-37;32;38;-46;38;11;-55;41;-17;-48;32;-22;5
-20;21;43;-22;0;66;-25;-16;91;-13;-14;83;-9;-7;71;-25;0;55;-53;6;28;-67;13;-39;-46;7;-41;-48;13;-47;5
-28;-9;78;-19;-11;82;-23;-12;68;-16;-10;62;-14;-8;65;-37;-7;49;-60;-1;20;-59;0;-18;-58;0;-41;-48;0;-43;5
-18;23;54;-10;24;58;-7;29;65;-2;27;64;10;26;65;-33;31;43;-52;32;14;-54;33;-3;-50;33;-30;-44;36;-38;5
-10;38;50;-6;33;60;-8;30;60;-3;31;59;-2;32;60;9;30;65;-27;36;43;-48;37;27;-49;39;-9;-51;41;-26;5
-15;9;74;-10;5;73;0;6;66;0;5;64;-32;0;47;-64;0;21;-70;5;-7;-61;7;-42;-51;9;-41;-46;12;-40;5
-12;-9;75;-12;-10;66;-11;-8;72;-13;0;73;-7;9;62;-8;13;59;-38;21;47;-53;24;26;-59;29;-25;-50;27;-32;5
-3;28;64;-2;28;62;0;30;58;0;28;61;0;31;63;-2;30;63;-37;35;46;-45;36;27;-53;37;-2;-52;37;-34;5
-45;39;-30;-60;38;-24;-36;39;25;0;29;47;-4;25;68;0;20;70;-4;20;60;-45;23;38;-59;26;0;-59;25;-32;5
-5;10;68;-5;11;65;-4;10;64;-35;10;56;-44;10;51;-55;7;38;-71;13;-1;-59;12;-25;-51;14;-39;-48;18;-40;5
-6;29;60;-6;27;64;-5;29;59;-2;30;59;-6;29;60;-31;30;41;-56;31;0;-55;34;-17;-48;32;-33;-43;35;-35;5
-38;38;30;-22;29;40;8;24;73;-5;23;68;0;23;62;-31;23;38;-62;20;25;-71;22;-10;-61;21;-28;-49;20;-39;5
-11;12;68;-15;6;68;-13;0;67;-12;7;66;-15;9;65;-48;12;38;-66;12;6;-65;15;-27;-54;13;-36;-46;17;-40;5
-9;29;61;-9;28;60;-11;28;61;-7;28;61;-9;28;60;-38;31;43;-54;32;22;-54;31;-2;-58;32;-30;-47;31;-37;5
-12;22;64;-8;20;63;-9;21;63;-24;21;59;-26;22;57;-57;19;28;-69;19;0;-60;17;-31;-52;18;-38;-45;22;-39;5
-14;8;65;-10;7;68;-10;10;66;-5;9;67;-20;9;67;-54;9;36;-70;9;5;-69;9;-33;-57;7;-36;-49;10;-41;5
-9;22;64;-10;24;64;-11;24;63;-2;24;59;-21;26;60;-52;26;22;-62;29;-3;-52;28;-31;-48;29;-36;-39;31;-35;5
-7;33;57;-10;34;57;-7;36;58;0;35;56;-5;35;57;-37;36;35;-60;38;-7;-55;37;-23;-44;35;-35;-41;39;-39;5
0;6;67;0;6;66;0;9;65;18;7;72;-54;0;52;-34;9;59;-44;7;53;-65;10;16;-81;17;-5;-30;14;61;0
12;0;59;10;5;71;0;0;72;-5;-4;69;-4;-2;72;-9;-26;109;-11;-14;75;0;16;27;12;66;-20;7;76;-25;1
-4;13;67;-5;14;67;-2;16;66;-2;11;61;-3;-6;36;-12;-45;59;0;-24;50;-23;-34;75;-18;-82;105;-21;-54;55;2
0;0;65;-3;0;69;0;0;72;25;0;56;47;9;45;62;9;24;58;0;14;59;-2;15;57;0;22;46;0;37;3
-8;0;66;-4;0;67;-3;0;68;0;0;67;-11;6;67;-27;7;52;-53;12;30;-69;19;7;-72;16;0;-67;15;9;4
0;0;69;-26;5;53;-49;11;35;-52;16;17;-60;33;-25;-48;38;-34;-45;42;-34;-39;40;-37;-33;36;-39;-31;39;-39;5
5;-8;65;10;-6;66;9;-8;67;10;-8;62;8;-8;64;9;-8;67;10;-8;68;9;-8;66;8;-8;66;8;-9;65;0
6;-11;69;5;-17;71;0;-15;66;0;-16;65;0;-15;65;0;-12;66;0;-14;65;0;-14;65;0;-15;65;0;-15;67;0
5;-14;66;11;-15;66;7;-14;63;9;-14;61;30;-14;65;21;-16;60;21;-16;61;21;-16;61;19;-15;60;20;-16;61;0
20;-15;60;20;-17;60;20;-17;60;20;-16;61;20;-16;61;19;-16;59;20;-16;60;20;-16;61;20;-16;61;19;-16;59;0
-49;-5;48;-52;-4;46;-50;-6;45;-49;-5;46;-51;-5;46;-49;-5;48;-50;-4;47;-50;-5;46;-49;-6;47;-48;-5;47;0
0;19;66;-4;31;53;-16;19;61;-19;17;65;-17;18;66;-18;17;62;-19;18;62;-17;18;65;-18;19;62;-17;19;64;0
-24;-24;77;-24;-21;68;-25;-21;59;-22;-20;60;-21;-20;62;-22;-19;63;-23;-20;61;-23;-18;61;-23;-19;61;-22;-19;61;0
-16;23;62;-16;21;62;-16;20;62;-17;21;64;-15;19;62;-16;20;63;-17;19;63;-17;20;64;-16;20;64;-17;20;63;0
29;7;67;17;6;60;32;0;62;24;0;61;26;0;59;25;0;60;24;0;60;26;0;60;26;0;60;26;0;59;0
26;-1;58;19;-4;57;29;-9;59;32;-11;61;29;-14;61;28;-17;61;26;-18;59;26;-18;58;23;-18;56;26;-19;56;0
-17;5;75;-31;-3;82;-26;0;84;-4;13;74;6;38;33;14;52;9;13;63;-4;0;58;-3;-2;34;44;-11;26;60;1
-23;-3;77;-30;-4;88;-17;8;72;26;43;32;13;49;0;17;60;-5;19;62;-7;17;50;26;9;37;54;-24;15;64;1
-22;0;65;-23;-1;75;-42;-7;84;-12;0;81;5;19;51;13;45;12;22;61;-11;23;64;-15;20;56;5;-1;38;46;1
-17;8;65;-19;6;66;-20;6;71;-30;-24;79;-5;10;76;10;34;21;16;51;-6;16;63;-15;13;59;-5;13;43;40;1
-3;9;67;-4;7;65;-1;9;57;36;-2;68;31;5;62;45;-5;88;31;0;83;18;19;34;23;48;-23;22;60;-32;1
18;15;63;15;14;58;19;10;58;28;0;74;34;-14;94;34;0;86;19;28;23;20;47;-6;15;58;-19;11;53;-8;1
-7;13;61;-9;13;72;-8;13;72;-9;14;78;-14;16;80;0;35;40;9;49;-4;16;60;-19;16;57;-10;-9;36;48;1
-17;18;67;-28;11;92;-22;22;85;-14;31;56;0;40;21;13;56;-9;19;63;-15;14;61;-5;5;54;10;-18;38;48;1
-19;19;66;-26;15;76;-30;15;83;-30;27;65;0;46;14;16;57;-21;17;61;-24;12;57;-7;6;53;18;-15;31;53;1
-16;25;64;-12;21;82;-19;29;73;-12;39;53;6;52;22;12;56;-1;18;63;-15;8;58;0;-2;47;23;-16;32;61;1
-2;25;61;-2;18;55;-5;0;53;0;-4;53;-5;-15;68;-7;-19;68;0;-35;119;-2;-32;92;-6;-35;79;-3;-16;68;2
-7;11;64;-6;11;61;-12;-6;49;-4;-21;49;-28;-51;54;-7;-50;65;-16;-48;88;-23;-45;76;-28;-50;75;-20;-42;74;2
-10;11;66;-8;12;65;-8;9;63;-9;6;60;0;-11;44;0;-29;40;-1;-52;76;-1;-39;93;0;-34;78;-5;-42;81;2
-6;11;67;-7;8;58;0;0;44;7;-15;47;-3;-39;71;-7;-36;84;-6;-32;84;-1;-33;78;-6;-36;84;-7;-22;75;2
-1;14;61;-4;-5;41;-2;-22;49;5;-42;55;-1;-60;66;0;-52;63;7;-56;61;0;-57;56;-7;-63;66;-7;-54;67;2
-5;11;62;-3;0;53;-10;-23;52;-5;-44;59;-18;-62;67;-16;-61;60;-4;-48;57;-4;-53;56;-13;-58;54;-20;-61;65;2
-7;0;62;-5;-1;42;-4;-15;46;0;-18;54;0;-37;66;-6;-51;85;-2;-42;65;0;-41;63;-4;-41;72;-4;-38;71;2
-2;15;68;-3;11;63;0;-12;37;-5;-32;50;5;-46;51;-10;-64;56;6;-59;70;0;-56;64;-1;-52;60;-7;-39;55;2
-9;7;67;-8;6;61;-2;0;56;-4;-15;48;-24;-32;62;0;-61;53;26;-55;112;-14;-46;77;-12;-43;71;-4;-32;63;2
-10;-1;63;-13;-6;57;-1;-28;40;-8;-48;54;-8;-56;67;-6;-53;64;-6;-54;66;-12;-58;62;-15;-56;60;-9;-39;53;2
-7;0;68;-8;6;70;-7;9;72;6;7;67;10;0;62;6;-5;49;52;-7;35;57;-6;44;41;-7;54;18;-1;55;3
-11;8;66;-10;8;66;-11;9;67;-10;9;68;-5;11;67;11;0;56;31;0;47;51;-1;36;58;-7;35;64;-6;39;3
6;-3;69;6;-3;68;9;-3;57;20;-2;48;65;-6;40;53;-9;38;60;-4;42;40;-3;52;5;-5;54;12;-3;64;3
6;0;70;8;0;65;11;0;51;53;-1;37;52;-5;36;61;-10;37;61;-11;40;37;-5;49;9;-4;54;0;-2;61;3
-3;0;71;-4;6;71;-4;6;62;25;0;53;34;0;45;51;-1;36;60;-8;36;55;-2;40;37;-3;48;32;5;57;3
-7;6;66;-5;5;66;-4;5;70;-13;0;59;33;-1;45;55;-3;41;60;-4;33;65;-4;43;47;-2;51;18;-2;55;3
-2;6;69;-1;7;70;0;6;71;9;7;60;52;6;46;56;-3;39;64;-3;38;52;-4;49;-3;-3;51;0;-2;68;3
-9;0;67;0;0;63;11;6;50;46;-1;37;58;-3;32;61;-5;33;41;-2;35;21;-1;50;15;-3;65;-9;5;64;3
-5;0;66;-4;-1;68;-3;0;71;-2;0;72;-6;0;53;42;0;36;53;-5;32;48;-5;33;55;-3;46;30;-4;54;3
-8;0;67;-9;0;67;-9;0;68;-11;0;69;22;8;60;44;0;33;52;0;36;64;0;45;43;5;58;10;0;57;3
-7;7;67;-10;8;68;-29;9;56;-52;10;41;-57;14;31;-70;14;20;-67;13;24;-61;13;29;-24;10;59;-4;11;62;4
0;8;67;-2;7;66;0;8;67;-7;8;68;-28;6;56;-55;7;31;-66;11;16;-68;9;16;-68;10;15;-35;8;44;4
0;7;69;10;9;73;-32;0;49;-68;10;19;-67;9;11;-69;11;13;-62;9;21;-51;7;36;-26;7;54;0;8;69;4
-3;8;67;-9;6;65;-51;6;40;-69;8;20;-65;10;10;-68;10;8;-73;11;10;-49;7;39;-24;8;57;10;9;71;4
-8;7;66;-7;6;68;-6;7;69;-18;6;61;-46;8;42;-72;10;8;-65;12;14;-70;11;15;-54;10;38;-26;13;56;4
-6;9;66;-6;9;68;-6;10;69;-16;10;58;-57;8;33;-65;12;11;-72;15;0;-70;13;7;-55;11;29;-35;13;46;4
-1;9;70;-40;8;55;-46;15;28;-70;15;7;-68;17;-1;-72;18;-1;-71;17;0;-55;14;27;-33;14;49;-2;14;66;4
-8;11;68;-9;11;67;-16;12;66;-40;13;47;-54;14;28;-78;13;0;-72;14;8;-74;12;9;-58;12;30;-15;15;58;4
-12;12;67;-13;10;67;-24;13;61;-36;12;51;-58;10;21;-69;15;0;-70;14;0;-74;15;0;-66;15;21;-46;13;41;4
-11;11;65;-10;13;67;-20;14;62;-41;9;50;-54;8;33;-68;11;12;-69;13;0;-70;11;7;-60;10;28;-42;12;47;4
-6;11;65;-6;10;66;-6;10;65;-8;10;65;-23;10;57;-46;12;14;-69;27;-15;-55;33;-18;-51;36;-22;-48;37;-24;5
6;11;66;9;11;65;7;9;64;0;8;62;-29;12;57;-52;13;19;-83;22;-24;-65;26;-19;-54;27;-26;-53;28;-26;5
8;13;66;11;10;67;11;8;66;-40;12;42;-59;17;19;-65;21;-11;-68;24;-32;-53;30;-34;-48;29;-35;-45;28;-36;5
10;12;65;8;10;67;-4;10;64;-11;10;66;-33;11;48;-58;15;0;-71;19;-31;-55;23;-24;-55;28;-30;-49;29;-34;5
13;12;65;6;11;66;7;14;69;-22;12;57;-39;13;49;-50;19;9;-66;22;-19;-59;27;-26;-54;30;-30;-44;31;-35;5
7;14;64;9;17;64;13;17;65;10;15;62;0;14;63;-36;14;36;-69;26;0;-69;28;-32;-47;35;-31;-40;39;-32;5
7;18;64;8;17;63;-5;18;60;-31;15;51;-57;12;18;-71;29;-31;-55;30;-28;-45;32;-33;-43;39;-34;-39;36;-40;5
11;18;65;6;17;65;-4;11;66;-40;12;49;-55;13;17;-56;21;0;-61;30;-27;-50;34;-33;-55;32;-30;-44;35;-31;5
17;12;66;13;11;63;16;14;65;16;14;64;10;12;63;-19;11;44;-61;13;19;-60;19;0;-55;28;-23;-46;28;-27;5
-40;40;-40;-52;39;-38;-59;39;-24;-23;40;37;0;31;51;0;16;64;9;15;68;10;18;66;-1;13;55;-39;16;38;5

-1;6;66;-2;6;67;-1;5;67;-2;6;66;-1;5;68;-1;6;66;-1;6;67;-2;6;66;-2;5;66;0;7;67;0
0;22;58;-2;19;64;-1;20;65;0;21;65;0;21;64;-1;21;65;-1;20;65;-1;20;64;-1;20;64;-2;20;64;0
-10;-8;70;-13;-13;65;-22;-25;77;-37;-21;60;-24;-15;58;-28;-18;60;-26;-18;61;-26;-19;60;-26;-18;60;-27;-17;60;0
-35;0;63;-31;0;63;-31;5;63;-31;5;60;-32;0;61;-31;5;63;-32;6;60;-31;5;60;-31;6;60;-31;5;59;0
15;0;64;17;0;64;16;0;63;16;0;65;15;0;64;16;0;65;16;0;65;15;0;65;15;0;65;16;0;64;0
-8;-4;68;-7;-4;68;-9;-3;65;-6;-3;67;-6;-3;68;-7;-3;68;-8;-3;68;-8;-3;67;-6;-2;68;-8;-1;67;0
-7;16;62;-7;14;64;-9;13;66;-8;14;66;-7;13;68;-9;14;66;-10;11;66;-10;10;65;-7;12;66;-7;13;66;0
-15;-2;67;-13;-4;66;-16;-4;67;-15;-4;66;-15;-4;67;-15;-5;67;-15;-4;65;-16;-5;67;-16;-4;66;-14;-4;66;0
-10;11;67;-12;12;66;-10;10;66;-11;10;65;-11;11;66;-10;11;65;-11;9;67;-10;11;66;-12;10;66;-10;10;66;0
-28;-30;64;-21;-28;62;-26;-26;57;-27;-24;58;-25;-22;58;-25;-25;60;-26;-22;57;-26;-23;57;-27;-23;58;-25;-23;59;0
0;0;59;0;-6;68;0;-7;72;-6;0;66;-4;0;67;-5;0;68;-6;-2;66;-7;0;67;-6;0;67;-7;-2;68;0
-41;18;51;-38;17;54;-40;19;53;-38;19;54;-36;19;54;-37;17;55;-36;17;55;-37;16;55;-36;17;56;-36;17;56;0
0;10;67;-1;10;67;-3;10;66;-5;10;67;-3;10;67;-5;10;67;-4;10;66;-5;11;66;-5;10;66;-5;11;67;0
16;17;62;15;16;63;15;17;62;15;17;63;14;17;64;15;18;63;13;16;63;14;16;63;13;17;63;14;18;62;0
-27;-35;67;-27;-36;63;-25;-34;55;-24;-33;52;-24;-33;53;-23;-31;53;-24;-31;54;-24;-33;55;-25;-32;55;-24;-31;54;0
0;-35;59;-3;-35;59;-7;-33;58;-7;-33;58;-7;-33;61;-8;-32;59;-7;-32;58;-8;-33;60;-7;-33;58;-7;-33;58;0
-9;-4;56;-1;-2;60;-2;-3;64;-6;-9;70;-4;-4;67;-7;-7;66;-5;-4;66;-6;-5;67;-6;-5;67;-6;-5;68;0
-9;7;63;0;8;62;6;8;68;0;8;68;0;10;65;0;10;68;-1;11;68;-1;10;67;0;10;67;-1;9;68;0
-11;18;62;-10;20;58;-9;21;59;-8;21;63;-8;21;65;-7;22;63;-8;19;66;-7;20;64;-8;21;65;-7;21;64;0
-7;6;70;-8;7;68;-8;7;67;-9;6;65;-8;6;69;-8;6;65;-8;7;68;-9;6;68;-9;7;68;-8;7;65;0
-5;-8;68;-7;-10;66;-8;-9;70;-6;-12;81;-11;-9;75;-8;0;70;12;40;31;12;56;11;7;36;35;-2;7;68;1
-9;-5;65;-8;-11;82;-12;-10;85;-12;7;75;5;20;56;14;49;23;13;50;28;7;41;45;0;28;52;-3;14;70;1
-3;-5;71;-9;-7;82;-9;-2;82;5;24;53;9;45;28;9;56;19;6;50;34;6;38;47;0;26;53;-1;16;59;1
-9;0;67;-10;0;67;-9;-4;74;-17;-8;84;-16;0;77;9;33;40;10;51;22;6;51;25;0;38;47;-4;16;66;1
-11;0;65;11;0;65;22;-8;82;26;-3;80;22;6;68;19;38;25;27;43;22;20;36;32;17;21;54;7;5;71;1
0;0;65;0;0;66;16;-3;77;22;-4;83;15;14;61;13;29;41;20;47;23;18;44;28;11;33;43;0;16;59;1
-25;-18;72;-17;-2;77;-3;-8;75;-10;-13;83;-8;0;69;0;13;53;5;22;47;-4;13;61;-4;13;65;-4;15;66;1
-9;-21;56;-11;-26;60;-7;-22;62;-8;-29;75;-12;-32;94;-1;-4;60;6;13;44;0;23;43;-5;18;62;-6;17;53;1
-4;-21;74;-5;-17;69;-8;-21;80;-8;-17;86;-2;-1;65;12;38;28;6;43;29;0;30;48;0;14;66;0;0;72;1
-8;-14;79;-21;-15;87;-5;-1;72;0;15;52;7;28;45;6;34;48;0;31;58;-1;30;62;0;30;59;0;30;60;1
-8;-6;65;-11;-10;70;-8;-8;71;-15;-11;78;-8;-5;79;-3;15;63;0;32;44;5;37;42;0;35;54;-1;35;55;1
0;-5;67;0;-6;68;0;-6;77;0;-2;76;5;7;72;9;15;63;9;30;45;10;32;49;5;29;53;9;28;53;1
-1;0;66;-1;0;74;-3;-2;81;-13;0;82;-10;22;58;-4;39;38;0;49;31;-4;39;42;-3;33;51;-10;15;68;1
9;-3;76;6;-10;91;8;0;75;10;22;43;13;38;32;9;39;36;6;33;43;6;18;59;0;9;69;7;0;76;1
6;-2;51;-1;-9;46;-10;-27;52;-6;-55;67;0;-58;73;0;-54;67;-3;-52;66;-8;-40;56;-6;-21;48;-3;-13;49;1
-2;-7;65;-5;-7;63;-6;-6;65;-8;-3;59;-8;-11;69;-13;-14;92;-11;-5;77;9;26;37;9;39;25;-1;21;41;1
0;-11;66;-1;-10;68;0;-11;77;0;-14;91;0;6;58;11;31;29;0;25;41;0;13;63;-2;-1;74;-4;-5;80;1
-6;-15;79;-11;-24;94;-6;-10;75;-2;16;49;7;50;36;0;46;23;5;31;45;-1;13;58;-1;-12;78;-1;-5;79;1
9;-37;57;8;-41;72;7;-37;81;14;-10;52;11;14;43;15;29;36;6;24;45;0;0;65;-2;-7;76;5;-10;71;1
-5;-7;66;-4;-7;65;-1;-12;75;-14;-25;103;15;32;32;0;31;30;0;0;66;-7;-7;84;0;0;80;-1;-2;68;1
14;-6;63;17;-9;51;24;-19;43;14;-36;46;15;-57;45;20;-70;62;30;-63;57;12;-64;69;11;-51;61;14;-30;37;2
14;-4;62;13;-3;52;-9;-21;39;-8;-36;47;-7;-62;62;10;-73;74;7;-60;68;-1;-61;73;-2;-47;62;5;-24;44;2
0;0;69;-4;0;65;-8;-5;51;-11;-16;41;-20;-23;35;-28;-52;74;-20;-59;93;-25;-52;78;-31;-52;70;-19;-27;49;2
-11;0;68;-17;0;62;-24;-2;52;-19;-6;56;-34;-13;39;-45;-36;60;-35;-46;74;-30;-43;70;-36;-43;55;-41;-39;55;2
-4;-22;42;-12;-35;38;-15;-51;48;-7;-59;47;-6;-69;49;-2;-62;48;-3;-63;51;-11;-56;52;-8;-52;52;-6;-36;52;2
16;-32;61;18;-29;51;18;-27;33;7;-42;37;9;-59;39;16;-65;31;16;-65;39;22;-69;51;9;-68;52;8;-51;53;2
-9;-6;65;-8;-4;65;-7;-6;49;-34;-11;50;-21;-17;40;-20;-57;69;-14;-62;70;-2;-48;68;-17;-53;65;-24;-39;56;2
13;0;64;14;-2;57;5;-5;34;-8;-34;44;-11;-65;64;9;-73;74;5;-65;71;-4;-53;65;0;-27;48;10;-8;34;2
9;-6;65;10;-6;57;5;-12;41;0;-32;42;-1;-61;66;11;-71;81;16;-54;66;8;-48;58;8;-38;48;12;-35;50;2
0;-11;69;0;-9;65;0;-8;61;-7;-12;46;-8;-20;49;-22;-32;56;-11;-52;61;-8;-61;65;-12;-55;60;-10;-52;58;2
0;-2;65;-6;-1;62;-15;-1;53;-6;-9;48;-31;-29;63;-16;-41;71;-16;-48;70;-21;-43;67;-18;-41;79;-10;-25;63;2
0;0;67;0;0;59;11;-1;46;0;-17;50;-4;-42;62;0;-50;60;5;-59;58;0;-63;50;7;-59;64;-3;-57;61;2
-1;-5;68;-11;-4;58;-14;-2;47;-11;-8;37;-11;-49;60;-20;-71;64;-14;-61;73;-9;-53;60;-15;-54;70;-12;-35;53;2
0;-3;68;0;-1;63;5;0;58;21;-5;44;22;-24;49;13;-41;55;0;-54;65;14;-54;62;18;-53;70;12;-48;67;2
-10;-4;69;-12;-3;64;-15;-5;51;-15;-14;46;-6;-25;61;-9;-46;70;-1;-49;73;-5;-43;66;-11;-43;72;-13;-37;66;2
0;-3;68;8;0;59;12;-3;50;0;-9;30;-9;-58;50;6;-82;75;15;-67;73;9;-61;62;0;-48;64;-2;-22;52;2
23;-2;61;20;-3;64;21;-3;65;24;-5;49;13;-14;46;11;-29;49;13;-54;51;11;-65;62;16;-58;62;16;-55;60;2
0;-4;65;0;-3;64;-5;-6;45;-8;-17;45;-6;-31;51;-1;-59;46;5;-66;64;7;-64;65;-7;-68;67;-5;-41;48;2
-2;-4;68;-4;-4;66;-12;-3;55;-9;-6;57;-7;-8;34;-7;-42;35;-2;-74;70;-29;-59;63;0;-58;67;-10;-55;64;2
10;-1;68;10;5;52;15;-4;34;0;-19;39;-9;-48;55;6;-75;73;14;-62;80;0;-52;67;5;-32;51;8;-12;41;2
-15;-12;66;-13;-7;67;-16;-6;68;-9;-7;65;25;-9;52;52;-8;40;52;-8;35;58;-11;38;43;-11;50;28;-5;56;3
0;-17;69;8;-14;68;16;-12;48;39;-13;39;53;-17;28;61;-19;28;59;-23;33;36;-17;47;18;-15;56;0;-7;61;3
-6;-1;72;-2;-1;67;-11;-5;76;10;-1;63;28;0;47;51;0;32;55;-4;36;66;-8;41;42;-9;54;17;-2;58;3
-5;-6;66;-9;-4;72;-7;-7;64;13;-7;50;47;-9;37;55;-10;38;62;-15;41;51;-17;48;23;-12;54;-8;-8;60;3
-11;-3;67;-8;-6;68;16;-9;63;49;-11;41;48;-20;48;49;-19;45;59;-15;51;21;-14;57;-23;-15;57;-24;-4;59;3
-5;-18;69;-5;-18;68;-7;-17;65;36;-10;52;38;-12;44;48;-15;39;60;-18;44;29;-19;50;21;-16;57;0;-11;61;3
-2;9;61;-4;8;70;0;7;72;0;7;62;50;8;43;47;0;42;48;0;47;44;0;48;24;0;55;-4;0;59;3
-7;-12;72;-8;-10;71;-6;-10;66;0;-13;52;61;-6;48;49;-10;43;55;-15;45;39;-16;52;11;-19;56;-3;-11;61;3
-5;-20;71;-10;-18;68;6;-16;56;34;-16;46;44;-20;44;50;-20;41;44;-23;45;32;-21;49;5;-20;53;-22;-10;64;3
-3;8;58;-7;5;65;-9;0;76;12;7;66;22;0;56;37;0;49;48;0;48;45;-2;49;31;-2;54;23;-1;62;3
-12;-4;66;-10;-2;61;-10;-7;63;-21;-10;72;18;-2;67;41;-8;45;49;-9;40;51;-16;45;47;-17;46;22;-15;54;3
-14;-14;65;-14;-15;68;-12;-17;66;-8;-19;55;49;-12;47;45;-19;44;47;-21;45;46;-17;47;43;-17;53;-11;-18;57;3
-23;-13;68;-26;-10;64;-24;-11;62;12;-12;44;38;-5;43;54;-4;44;47;-13;47;45;-8;53;18;-9;61;-15;0;56;3
-15;13;60;-13;15;60;-19;11;67;-4;18;67;0;13;58;26;9;50;49;11;48;44;7;54;42;12;55;33;9;61;3
-22;0;70;-21;0;67;-23;0;64;-21;-2;63;17;0;53;59;-2;50;49;-6;50;45;-6;54;8;-9;57;-1;-4;62;3
-20;-8;71;-18;-9;70;-18;-8;65;28;-12;46;43;-13;46;52;-15;49;56;-15;52;25;-13;54;-10;-10;56;-19;-7;64;3
-20;-7;65;-22;-6;67;-21;-4;69;-20;-3;68;-21;-1;52;38;-1;43;43;-5;49;48;-6;50;37;-5;53;8;-6;58;3
-23;0;65;-27;0;69;-31;0;60;27;0;54;40;6;54;39;0;52;29;-1;57;19;0;61;-12;0;62;-19;5;66;3
-26;-9;62;18;-6;57;39;-11;56;44;-13;50;45;-20;51;50;-13;53;19;-16;60;-2;-15;61;-22;-9;59;-28;-11;60;3
-17;5;62;-15;0;66;-19;0;67;-19;5;64;7;0;48;44;0;50;52;0;46;54;-3;52;34;-4;57;9;-4;60;3
0;-5;67;0;-5;68;0;-5;68;0;-3;68;-5;-3;65;-43;7;44;-60;14;26;-65;19;9;-70;23;0;-73;20;0;4
-18;-3;65;-15;0;65;-34;7;50;-57;13;22;-67;15;0;-73;15;-11;-72;16;-7;-71;14;0;-55;10;36;-27;0;57;4
-13;-9;59;-14;-9;66;-20;-9;54;-47;-2;45;-66;6;15;-73;7;7;-76;8;-4;-71;6;0;-64;0;17;-48;6;39;4
-3;-2;71;-7;-7;69;6;-5;68;10;-4;67;-40;6;38;-67;16;0;-70;20;-16;-71;21;-22;-66;14;0;-48;13;32;4
-4;-1;65;7;-1;71;-13;-1;62;-60;15;19;-72;18;-8;-69;17;-10;-73;17;-7;-67;15;13;-58;13;30;-32;9;51;4
-2;0;67;-2;0;66;-17;5;59;-40;14;51;-58;15;31;-67;12;8;-71;17;7;-69;16;12;-62;16;27;-54;12;39;4
-10;-2;67;-7;-1;71;-2;-6;67;-27;0;46;-56;8;25;-72;13;0;-77;13;-11;-73;12;-5;-69;10;11;-57;8;30;4
-7;-10;67;-12;-6;56;-64;5;28;-60;5;20;-74;0;0;-73;0;9;-62;0;23;-38;0;46;0;-1;65;13;-2;70;4
0;-2;66;0;-1;71;-26;0;55;-56;11;26;-66;19;0;-65;18;-9;-68;18;-14;-72;17;-13;-65;16;7;-61;13;25;4
-5;-1;67;-6;0;69;-1;0;70;-26;8;46;-53;14;29;-81;14;-9;-69;12;9;-64;13;26;-27;8;55;-7;0;65;4
-7;0;66;-5;-2;71;-5;-4;66;-21;5;56;-60;10;29;-70;13;-3;-70;16;-11;-73;16;-10;-70;14;0;-49;9;40;4
-12;-2;67;-12;0;68;-25;0;62;-42;5;42;-66;8;12;-66;13;-4;-69;13;-15;-71;11;-13;-72;8;-3;-60;11;24;4
-12;0;68;-13;-1;67;-15;0;67;-7;0;68;-55;10;23;-64;13;0;-66;14;-13;-69;16;-17;-70;14;-1;-61;11;25;4
-10;0;66;-9;0;66;-23;8;54;-46;14;45;-69;13;0;-72;14;-10;-70;15;-12;-70;14;-5;-58;17;26;-43;12;45;4
-9;-4;67;-9;-4;69;-10;-5;70;-21;-2;61;-50;0;42;-61;11;26;-63;13;9;-66;13;-9;-72;13;-11;-66;10;0;4
-7;-3;69;0;-4;73;-20;0;52;-49;0;40;-67;8;12;-73;11;-14;-66;9;-13;-73;8;-15;-60;6;14;-50;6;40;4
-1;-4;68;-1;-3;70;-2;-3;69;-11;-1;58;-45;11;27;-77;16;-12;-72;19;-15;-70;16;-12;-63;14;11;-38;10;39;4
0;0;69;0;0;68;-21;13;49;-71;18;8;-72;18;0;-70;16;0;-64;14;15;-35;13;47;-13;6;65;-10;0;67;4
-8;0;67;-8;0;67;-2;0;70;-7;0;64;-56;0;37;-68;5;9;-70;9;-11;-66;10;-11;-76;9;-13;-67;7;7;4
34;-8;59;22;-9;59;-21;-2;53;-46;0;39;-78;8;11;-68;7;10;-75;0;13;-55;0;35;19;-4;67;0;-8;66;4
10;-9;60;14;-6;66;14;-5;68;-15;0;61;-27;0;59;-47;12;42;-56;27;-9;-53;36;-33;-41;37;-37;-36;39;-38;5
13;-1;66;14;-2;66;14;-1;68;7;-5;66;-10;-6;61;-49;5;38;-62;24;7;-63;30;-14;-53;32;-35;-37;35;-42;5
14;15;63;15;16;62;16;16;61;17;15;65;-3;13;61;-27;15;56;-52;23;32;-59;34;-15;-47;37;-31;-41;41;-36;5
-1;-16;66;0;-14;66;0;-13;67;0;-13;65;6;-12;67;-5;-10;60;-39;0;45;-63;9;14;-57;28;-39;-45;30;-34;5
7;0;65;8;0;66;14;0;67;13;0;67;18;5;70;-37;8;55;-51;12;39;-58;21;9;-50;30;-34;-42;32;-37;5
12;15;65;13;15;64;12;14;65;17;11;68;-34;13;47;-57;37;17;-55;38;-21;-43;40;-32;-40;41;-35;-38;42;-36;5
35;6;55;32;0;57;30;0;55;28;0;57;18;-2;60;-36;0;49;-64;15;17;-59;21;-10;-63;27;-34;-49;31;-36;5
20;-1;61;20;0;61;17;-2;65;17;-4;69;-16;-1;51;-65;12;19;-60;24;-36;-46;27;-38;-41;33;-38;-40;31;-39;5
15;12;65;11;13;65;-21;10;53;-38;19;53;-53;27;33;-60;30;5;-53;34;-36;-47;35;-34;-43;37;-36;-41;37;-36;5
10;-2;67;8;0;67;8;-3;67;13;-1;67;-11;-2;63;-37;5;52;-66;19;19;-59;23;-11;-55;29;-35;-50;29;-35;5
9;0;68;9;0;67;13;0;72;-25;0;59;-40;11;48;-57;16;22;-62;19;-5;-53;25;-31;-51;25;-33;-47;26;-33;5
18;0;66;17;0;67;0;6;71;-24;8;53;-58;22;21;-57;27;-16;-48;34;-39;-37;35;-44;-32;37;-44;-33;36;-46;5
13;0;69;11;0;68;-37;5;52;-44;8;42;-62;21;-5;-51;27;-39;-43;28;-44;-38;31;-44;-36;31;-43;-36;31;-42;5
18;-3;66;19;0;66;21;-3;64;30;-3;67;-20;0;47;-59;17;26;-64;25;-3;-58;28;-28;-50;29;-36;-46;30;-39;5
24;0;63;27;0;61;37;0;70;-9;-4;55;-27;0;59;-61;18;21;-60;28;0;-59;34;-29;-45;32;-32;-41;37;-38;5
31;-1;62;33;-3;60;25;-1;57;-5;-5;63;-54;12;35;-61;25;0;-53;30;-20;-45;35;-38;-38;44;-34;-34;42;-38;5
14;0;64;17;0;68;0;0;64;-21;0;53;-58;9;28;-64;22;-12;-57;25;-33;-47;29;-34;-42;32;-43;-38;30;-46;5
10;-12;67;9;-11;64;-12;-11;62;-41;0;39;-59;17;0;-61;23;-43;-45;24;-41;-40;26;-42;-38;26;-45;-37;25;-46;5
18;0;65;21;0;64;21;0;63;13;0;62;24;0;69;-39;10;40;-57;27;-3;-63;33;-44;-48;32;-37;-40;33;-41;5
22;6;60;29;0;66;-28;0;54;-59;26;16;-64;27;-35;-45;32;-36;-42;33;-40;-40;37;-40;-39;33;-40;-35;33;-40;5
